<?xml version="1.0" encoding="UTF-8"?><?xml-stylesheet href="tree.xsl" type="text/xsl"?><document>
    <blacklist>
        <symbol>swf</symbol>
    </blacklist>
    <parsetree>
        <nonterminal id="_START" variant="0">
            <nonterminal id="sfw" variant="0">
                <nonterminal id="select" variant="0"/>
                <nonterminal id="sel_list" variant="0">
                    <nonterminal id="attribute" variant="0"/>
                    <nonterminal id="sel_list" variant="1">
                        <nonterminal id="attribute" variant="0"/>
                    </nonterminal>
                </nonterminal>
                <nonterminal id="from" variant="0"/>
                <nonterminal id="from_list" variant="1">
                    <nonterminal id="relname" variant="0"/>
                </nonterminal>
                <nonterminal id="where" variant="0"/>
                <nonterminal id="cond" variant="2">
                    <nonterminal id="condtemp" variant="1">
                        <nonterminal id="attr" variant="0"/>
                        <nonterminal id="op" variant="0"/>
                        <nonterminal id="const" variant="0"/>
                    </nonterminal>
                </nonterminal>
            </nonterminal>
        </nonterminal>
    </parsetree>
    <tokensequence>
        <keyword left="unknown:1/1(0)" right="unknown:1/6(6)">select</keyword>
        <keyword left="unknown:1/1(0)" right="unknown:1/1(1)">selmember</keyword>
        <keyword left="unknown:1/1(0)" right="unknown:1/1(1)">,</keyword>
        <keyword left="unknown:1/1(0)" right="unknown:1/1(1)">selmember</keyword>
        <keyword left="unknown:1/1(0)" right="unknown:1/4(4)">from</keyword>
        <keyword left="unknown:1/1(0)" right="unknown:1/1(1)">fromember</keyword>
        <keyword left="unknown:1/1(0)" right="unknown:1/5(5)">where</keyword>
        <keyword left="unknown:1/1(0)" right="unknown:1/1(1)">wheremember</keyword>
        <keyword left="unknown:1/1(0)" right="unknown:1/1(1)">.</keyword>
        <keyword left="unknown:1/1(0)" right="unknown:1/1(1)">wheremember</keyword>
        <keyword left="unknown:1/1(0)" right="unknown:1/1(1)">=</keyword>
        <token name="Const">
            <location compilationunit="unknown" orientation="left" linenumber="1" columnnumber="-3" offset="-3"/>c123<location compilationunit="unknown" orientation="right" linenumber="1" columnnumber="1" offset="1"/>
        </token>
        <keyword left="unknown:1/1(0)" right="unknown:1/1(1)">;</keyword>
        <keyword left="unknown:1/1(0)" right="unknown:1/1(1)">EOF</keyword>
        <keyword left="unknown:1/1(0)" right="unknown:1/1(1)">EOF</keyword>
    </tokensequence>
</document>
