<?xml version="1.0" encoding="UTF-8"?>
<project xmlns="http://maven.apache.org/POM/4.0.0" xmlns:xsi="http://www.w3.org/2001/XMLSchema-instance" xsi:schemaLocation="http://maven.apache.org/POM/4.0.0 http://maven.apache.org/maven-v4_0_0.xsd">
  <modelVersion>4.0.0</modelVersion>
  <groupId>org.example</groupId>
  <artifactId>jflex</artifactId>
  <version>1.0</version>
  <build>
    <plugins>
      <plugin>
        <artifactId>maven-shade-plugin</artifactId>
        <version>3.2.1</version>
        <executions>
          <execution>
            <phase>package</phase>
            <goals>
              <goal>shade</goal>
            </goals>
            <configuration>
              <transformers>
                <transformer>
                  <mainClass>Test</mainClass>
                </transformer>
              </transformers>
            </configuration>
          </execution>
        </executions>
      </plugin>
      <plugin>
        <artifactId>maven-compiler-plugin</artifactId>
        <version>3.8.1</version>
        <configuration>
          <source>10</source>
          <target>10</target>
          <compilerVersion>10</compilerVersion>
        </configuration>
      </plugin>
      <plugin>
        <groupId>de.jflex</groupId>
        <artifactId>jflex-maven-plugin</artifactId>
        <version>1.7.0</version>
        <executions>
          <execution>
            <goals>
              <goal>generate</goal>
            </goals>
          </execution>
        </executions>
      </plugin>
      <plugin>
        <groupId>com.github.vbmacher</groupId>
        <artifactId>cup-maven-plugin</artifactId>
        <version>11b-20160615</version>
        <executions>
          <execution>
            <goals>
              <goal>generate</goal>
            </goals>
          </execution>
        </executions>
        <configuration>
          <className>JavaCUPParser</className>
          <symbolsName>sym</symbolsName>
          <packageName>javacup</packageName>
        </configuration>
      </plugin>
    </plugins>
  </build>
  <properties>
    <project.build.sourceEncoding>UTF-8</project.build.sourceEncoding>
  </properties>
</project>
